{
  "project_info": {
    "project_number": "634224452048",
    "project_id": "tbuddy-70d08",
    "storage_bucket": "tbuddy-70d08.appspot.com"
  },
  "client": [
    {
      "client_info": {
        "mobilesdk_app_id": "1:634224452048:android:b2f29e711f046ac27899d5",
        "android_client_info": {
          "package_name": "com.example.tbuddy"
        }
      },
      "oauth_client": [
        {
          "client_id": "634224452048-h9q0lkvfr38cddrpls3k5btb7c4q9j7h.apps.googleusercontent.com",
          "client_type": 1,
          "android_info": {
            "package_name": "com.example.tbuddy",
            "certificate_hash": "8a8a1a4bbc3c8f14962570a4db21a9625af1791c"
          }
        },
        {
          "client_id": "634224452048-ipdoftmkk544947u4a20tvfa8vfcdtus.apps.googleusercontent.com",
          "client_type": 3
        }
      ],
      "api_key": [
        {
          "current_key": "AIzaSyAXtzwV91xXsA4-EHIs-ZIDVDY8-Aioj20"
        }
      ],
      "services": {
        "appinvite_service": {
          "other_platform_oauth_client": [
            {
              "client_id": "634224452048-ipdoftmkk544947u4a20tvfa8vfcdtus.apps.googleusercontent.com",
              "client_type": 3
            }
          ]
        }
      }
    }
  ],
  "configuration_version": "1"
}